,continuous,daily_start,daily_stop
35f1db19-ab26-7f30-3451-971f053712f6,False,10:45:00,03:00:00
a05598bc-59ac-6697-0673-0e87e7ccc677,False,06:30:00,00:45:00
b8ec0850-c5ce-1579-5438-8d1247f0ff16,False,10:00:00,03:00:00
b9ad1c9b-fbe2-f36f-ab2a-6894c251433f,False,14:30:00,08:00:00
61ff3699-aad4-35d3-4ecb-b8195e8b08cd,False,10:00:00,02:45:00
c388dd30-eaeb-dcfe-f76e-e2e6ebf83ce1,False,10:00:00,00:15:00
5fe94934-6a5f-af51-9794-5b881e7adf19,False,10:30:00,02:30:00
6f245a0a-eff7-e9fe-bb95-8d0270a775cf,False,13:30:00,08:00:00
35d54699-97cc-50f2-6d5c-5d50607e9631,False,09:30:00,23:15:00
327d1cc1-bf53-33f9-7374-184b3c7838ad,False,12:00:00,03:15:00
d1668f39-1f93-e186-9d6c-acb8ba6567e4,False,15:00:00,06:45:00
a31524b6-60b5-5928-887b-263b5cb59c23,False,14:00:00,09:00:00
cc250a40-4b23-6077-95f5-e207d3ddcf42,False,07:00:00,07:15:00
fb203000-0b6e-e587-0168-25b53c60a153,False,07:45:00,01:00:00
0644edc0-0417-d12c-b3cb-505bc2e3e258,False,10:15:00,03:15:00
adeeddca-5043-9a55-278a-db8b50518baa,False,13:45:00,18:45:00
8c5573ab-4066-3a42-8b0b-2b9dba5533a8,False,10:00:00,19:15:00
97a1a970-21c0-c946-f82b-e1b58b530cc3,False,15:30:00,23:15:00
e1936d00-255f-5073-fe4a-c0db2543150e,False,13:30:00,08:00:00
dbea811b-92f8-4e35-432c-9a7d19680a6d,False,12:00:00,02:30:00
678558e3-3fd0-d054-e17f-f0defcb52c12,False,10:45:00,07:30:00
591c3ec2-5ab5-f4fb-318d-4f46fc4d850d,False,10:00:00,03:00:00
c1cb8652-f39a-189e-25cf-7d6313a9b01f,False,14:45:00,06:15:00
7b59d921-c882-0ca0-7f89-fb8d60362225,False,13:00:00,05:45:00
72f8bc16-6c01-b9f1-b89d-8c38c11f0046,False,12:00:00,00:00:00
3dc26230-5764-4f78-4bbe-b7fa0557b7e8,False,04:00:00,03:00:00
f2f57d71-344e-adda-6441-3b7d6620dd40,False,10:00:00,03:00:00
09473fb0-9258-71fa-827b-fabb32404ca6,False,09:00:00,02:00:00
dc4820b0-76dc-93b1-2f7a-9fa2c5d5c6a8,False,11:30:00,13:30:00
eccea137-1478-4434-9694-6456ee9d4674,False,10:00:00,05:00:00
d7de778a-833f-c75e-df25-dadcaea87332,False,13:00:00,06:45:00
fa1e6d9b-9562-02aa-0a4a-3f08fdf1c960,False,08:00:00,02:00:00
92ee232b-db76-9552-baee-7a276d7beda5,False,09:00:00,03:00:00
d342df32-ed32-cb36-edd3-345e2feab911,False,08:00:00,03:45:00
7beee54b-ea35-d1d2-c01f-1869a880773a,False,13:15:00,07:45:00
e386ac24-700c-eff1-1e89-2fa4a3757fa4,False,12:45:00,05:30:00
f4cfaa89-53bb-3d30-c887-0b022b313e7a,False,08:30:00,19:30:00
732ff022-dfcd-f47b-1062-8506a97e4b65,False,08:00:00,03:00:00
28c08889-a891-54e1-6b6c-bf685b9ee343,False,10:00:00,03:00:00
a8a44573-c3c1-c4d4-c0bb-03bb7ecddace,False,09:00:00,02:00:00
f642e2d0-64fb-a3a4-82a3-1e6c9374f0ae,False,10:00:00,03:00:00
a4025fa5-e903-6079-7f04-38357974d0e0,False,10:00:00,03:00:00
8c0761fe-dba5-158c-e5be-bb8aa0f6d07a,False,14:45:00,07:15:00
c656e88e-c6d2-d993-719f-5ee2be874dd0,False,09:30:00,20:00:00
e7ef7c8f-7d80-c0ca-03fe-9c0f220c3d7f,True,,
3121fc1f-2063-24b7-114d-051f0e3e2cdf,False,11:45:00,02:00:00
1deddf70-b77f-b861-3717-95daa14c2ddd,False,09:00:00,01:00:00
22cb331d-848f-b8ad-53da-cf16fd4dc49a,False,13:30:00,08:15:00
35834753-fd0f-ebc7-ba6d-27c9c8de1656,False,10:00:00,03:00:00
2dfc25b7-004e-72e8-b4b1-852d2fd2242e,False,11:15:00,03:15:00
8dc748b2-5f31-e7b9-c1e1-2174f9637a12,False,11:00:00,03:15:00
5af67d8c-1379-a6e1-6014-5507848a20f7,False,10:00:00,03:00:00
628c0db4-db3e-14b8-48c8-a59cc0589a2b,False,10:00:00,03:00:00
fe6451c9-63c7-b774-496c-9ce8ba6d01af,False,14:45:00,07:30:00
3798bec0-bb4f-e581-d9e4-8741c99af207,False,13:15:00,08:15:00
38ad629b-c319-1371-b46c-ccbbda6b22d9,False,09:00:00,04:15:00
d416c8b2-2830-af5a-6862-a79df1d9a392,False,10:00:00,03:15:00
782480db-18b5-6727-b8c6-5a492b2153f8,False,08:00:00,04:00:00
fa27bfb9-9b3e-ace1-bb88-5b95e56f16ba,False,13:45:00,07:30:00
5d965a76-b72f-6dc7-165f-531184c27ea9,False,11:00:00,02:00:00
f8d4dfa0-e065-be62-96c0-02e7792268fd,False,08:15:00,06:15:00
5f10fb10-ef38-c5a1-10c4-7ae824cf2932,False,05:45:00,03:00:00
cb8d68c3-d6e6-215a-eca2-b969bed491af,False,13:00:00,06:15:00
27f88ae6-9d87-7dd1-6aa1-a67baa48a271,False,23:00:00,01:00:00
fbba4fe0-ad9b-ec46-575c-c22ff0a20186,False,09:45:00,13:45:00
c25074ec-d72c-f37c-b123-8140a125ed6d,False,11:00:00,23:30:00
1c82b217-174d-63af-01b2-2e0d35c85cd2,False,13:00:00,02:30:00
4549a7e8-4082-a14b-222c-0b3f854d53be,False,14:30:00,06:30:00
481f0202-e3f4-47e8-ce19-b84b5114407a,False,10:00:00,03:00:00
416a448a-266c-8622-bf29-ffb262f11dba,False,02:00:00,20:00:00
fc17f9a3-bbf8-5533-ff3e-d3697d614f92,False,11:45:00,00:45:00
dc59faa0-5478-3c1a-9d24-e0c6eb7a6c4e,False,09:00:00,02:00:00
81141f05-d6e9-4ea6-36b8-0bf0509137bd,False,10:00:00,19:45:00
3c1338ac-67bd-38a2-f3c2-2c362ce6b5c0,False,09:00:00,03:45:00
80003fc3-a5cc-a190-a51e-1861cc7ffe03,False,10:30:00,01:45:00
03dde450-8366-1cb8-1632-f6c8135b8077,False,09:00:00,03:00:00
e3b32a97-7ca4-1af7-a7be-f80859145b2c,False,12:00:00,06:00:00
2b6760b7-8ae4-fb53-be51-713996a844f0,False,11:45:00,05:00:00
ea0bee90-5500-25e3-1483-5ca53f8b0d82,False,09:15:00,22:00:00
bb6d4ebb-6353-7fca-87f2-d4edbf573fcc,False,11:00:00,19:30:00
3feaeec7-c201-c614-d067-1c6db38f2255,False,09:00:00,00:15:00
11ba23cb-dfd8-bf06-3ab1-7ac4ad6f1d5c,False,10:00:00,04:00:00
86402464-3ce0-1d98-53ba-bf4b418d3731,False,10:00:00,02:00:00
e29e903f-f76f-1057-4fc7-4c2d91c09067,False,14:30:00,04:00:00
1c5547b1-7182-ad18-991b-0e6663379849,False,06:00:00,18:00:00
8a44ff16-3c57-8800-d9ae-b579ae7c74fd,False,11:00:00,04:45:00
a1894b34-4d99-e549-e68c-8615418bcca0,False,10:00:00,20:00:00
d5e319d6-b7e6-f902-8aa7-a740ffdf3ef6,False,10:00:00,03:00:00
27834896-8120-34d1-ffea-2b9006ef3ab2,False,09:00:00,02:00:00
f68751c2-aae5-2ea4-7b25-7d915b03307d,True,,
33450d85-96f7-df00-50f6-0afe4b72ab2f,False,11:30:00,21:15:00
697f6a9a-ee82-6061-2027-071e657e0e21,False,08:00:00,06:30:00
ead0f931-ace6-66a0-266d-4a1b27d96181,False,09:00:00,03:00:00
ea58e698-1408-d5c5-34fe-9fac928a4b4c,False,10:00:00,02:00:00
ab2b089d-89fb-c0dc-85db-a37aea780a0e,False,11:30:00,18:30:00
f6d9da6a-66e4-c805-43dc-c6b8b77a22c6,False,13:15:00,14:15:00
412ee760-0692-d284-ef00-a91dc3516e81,False,07:15:00,03:30:00
296e3ddf-41f1-ead1-2c5c-16e281dd566f,False,13:00:00,04:00:00
d8130743-875e-d549-80d6-329656b68575,False,09:00:00,20:00:00
f771d6db-d64e-2ff2-f50d-47be0ad31b9c,False,11:15:00,04:45:00
7e942ab7-170a-97da-c38f-c052a53b1b90,False,13:45:00,04:00:00
4a169d3c-b1ec-414c-d1ea-8736507dca6e,False,11:00:00,23:30:00
144d755b-c75f-ac00-b584-fe73a6f24bcb,False,11:00:00,02:00:00
d32b4c15-3db3-17b3-20b5-1b982af6f80a,False,12:00:00,01:00:00
168c044a-2cc8-92b6-fe42-806449544be4,False,10:30:00,20:15:00
845d744a-be52-529f-e4e7-52ea1868719a,False,10:00:00,04:00:00
ea5a9c0c-6723-2114-3396-87e87ea4ae93,False,19:00:00,16:00:00
e849b316-0bd6-e691-4ebc-ce098ad8435d,False,13:45:00,07:15:00
e9386ab1-439f-2878-6c65-fa440370f73b,False,12:00:00,03:30:00
7e7d4cee-9b6d-698b-2ef8-324090f22a95,False,13:00:00,06:00:00
15de2373-6944-3d69-32bc-e8cd5d7cca3a,False,14:45:00,07:15:00
5c4475bf-d7df-3514-9ff1-07f0e9514500,False,11:00:00,06:00:00
72b59214-5b0e-b47b-36e5-f6ede6a8d160,False,13:15:00,09:00:00
e7d819a2-4382-e7d1-a267-069c96a54333,False,09:00:00,03:00:00
93833ebe-84d8-577e-7fd6-84646a06e588,False,09:30:00,04:00:00
c459150f-6be4-34ec-e9fd-74fb30a5fcf1,False,09:45:00,03:30:00
dd0c760b-daf3-2e3d-c566-b95a0c0f2ed8,False,16:00:00,09:00:00
dea23cf8-66c2-40ca-586d-6ba00361f1cd,False,14:45:00,07:15:00
529c6f3e-e942-8be0-cd08-b86ffa210e39,False,10:45:00,08:15:00
9fce70d5-c75c-4954-d7b1-3a80ee099e2a,False,12:00:00,02:45:00
5765f8aa-b69b-a03f-7cf5-560bc216929e,False,10:00:00,03:00:00
a3af4ff8-d1aa-331b-d3fd-814b84257c56,False,10:00:00,02:00:00
291a7e63-beb1-09b7-601c-93c326be0607,False,10:30:00,20:30:00
44e37900-ae24-c5ec-b82c-c1ee16f051e6,False,10:00:00,03:00:00
f0d35789-20c5-5f6b-dd31-c75ba7f648ad,False,12:15:00,03:30:00
a2c4873d-ee68-7f14-b485-10f4c400ba59,False,13:15:00,04:30:00
64d71a56-74d5-f7c0-4977-1a90d44b3f1e,False,14:00:00,07:15:00
a36090f0-0dcf-7323-5919-c2fe54cb7796,False,09:00:00,03:00:00
ec60ce2e-5f91-5a8f-3106-90c84f9addcf,False,10:30:00,03:15:00
62194036-a4ec-91df-6a8f-9584b72c4b28,False,12:15:00,06:30:00
0414cdc3-fc98-163e-3e99-6c42cb74181f,False,12:45:00,05:15:00
f21e307b-e71c-c4d1-f100-2f5c57d3bdf6,False,13:30:00,04:15:00
fadf733b-570c-0e26-247b-f336f42c09d4,False,14:00:00,05:15:00
ee9e572d-9840-3093-811f-941b7f48e73f,False,10:00:00,21:30:00
943cb502-9e81-3890-568d-1c378ef503de,False,13:30:00,08:45:00
529d499b-a34d-324e-6c04-947e7a257a56,False,11:00:00,18:00:00
1374c5d3-9816-3f20-2d93-73e81fe6892f,False,10:00:00,00:30:00
36f7a93f-16f8-3f4d-136e-551893c0eacf,False,09:00:00,20:00:00
542f6bfc-a1d2-620f-a1f1-464a7c274a69,False,13:15:00,05:30:00
d082397d-d743-fcf5-b536-762d9c7f4a35,False,10:00:00,04:00:00
b3419bd8-785d-6ca5-3326-7219ad96c641,False,10:00:00,03:00:00
ad585ec9-a1c9-e319-1481-954f34579ac3,False,11:45:00,02:30:00
8cc22eef-f6b8-8bb8-7a7d-e535f80d9a9f,False,10:00:00,02:00:00
feba96eb-7c85-a150-dfa6-ed45a7fda60b,False,13:45:00,07:30:00
62bca157-801c-d9df-de16-8d9b286db265,False,10:00:00,01:00:00
8af2530d-3c10-9a12-3b3d-ab99979b25b6,False,14:15:00,06:30:00
0e5f3c13-b90f-b044-dfb9-b5192754f78a,False,14:30:00,05:00:00
de387a8e-521d-bb89-84a1-650ed26e5437,False,11:00:00,00:45:00
b3bf475a-41f8-65a5-08cc-ed0f38aeea9c,False,14:00:00,05:45:00
66968bd0-f5a8-f0f8-0fda-9eab6facfb65,False,10:00:00,20:00:00
eba417ce-b125-8595-6b56-11f89c2f09b8,False,09:00:00,02:00:00
6f375f3e-7bc8-3b7f-e3bd-77378d0c22c7,False,10:00:00,00:00:00
2922b8f4-0c8c-16a2-cba4-552feed97df0,False,03:45:00,07:15:00
9aa3b5ad-0981-1a44-d58d-e3f2d1f2d550,True,,
8ab0b38f-bad7-2fae-1ba6-24e2eb146f82,False,15:15:00,06:00:00
11a7bb84-7601-0161-9588-b9b5020518e5,False,09:15:00,04:00:00
5a717cb9-181c-1d40-e12f-a2777bc78952,False,08:00:00,03:00:00
e4bf9a40-a95c-6488-cc12-9dfdeb781be6,False,09:00:00,03:00:00
bf42dd99-bc1a-58cf-b23a-d91e94607e4e,False,10:00:00,03:00:00
2c3dd4f7-7ab3-a0e8-4485-0e295050abd5,False,14:45:00,06:15:00
ce975f7d-c364-6d48-0a2c-ba17b480fe8c,False,10:30:00,04:00:00
81e23cd9-b29e-f3c3-464a-f3c7aae48cb9,False,09:30:00,01:00:00
b82aebf4-cfa1-5bf5-f3e2-170fbc34dcdf,False,11:45:00,04:30:00
dcfda865-19c7-db9d-79f7-62975d5e11d5,False,10:00:00,03:00:00
269d0b8a-8350-36b4-67c3-3e29d6041b5c,False,12:30:00,06:15:00
9acc0d29-71e3-007f-0417-e051f2ab4ae6,False,13:15:00,09:15:00
f6e2d393-450d-b1ed-2a0a-8b1dc84acae9,False,11:00:00,03:15:00
2f29f8bd-e419-5941-4d9b-1e45d72f84a0,False,12:15:00,06:30:00
c4fdaadd-0618-bb7d-830a-fbc7b15cb884,False,14:00:00,08:30:00
1a0cadec-1d86-8a5b-4530-e162456163e2,False,14:00:00,08:00:00
a075bba6-b74c-d462-7462-0020ac636a3f,False,09:15:00,23:00:00
012091d7-8dfd-1322-28e4-4a3c57b067c7,False,07:45:00,23:00:00
eb2e47c5-d6ee-9ece-ee1c-a07c8fdc58ef,False,10:00:00,01:15:00
8bc29311-3d00-1ec4-4632-9bf8c1db339e,False,09:00:00,03:00:00
7e1cc7bc-6e8b-6546-2cf1-f8027dc18fe5,False,10:45:00,04:00:00
d7c0b775-cb72-d1d7-341e-92e849c6556e,False,13:15:00,18:15:00
7bbf216b-e46a-70c5-2359-87e5fdc86737,False,10:00:00,21:15:00
0359f57d-5a06-40c6-3d83-4a0a7720eba1,False,13:30:00,07:00:00
1bc40113-baca-b142-437d-bece746ab8ee,False,14:45:00,00:00:00
a1dc9b8e-1806-5e10-3b1d-d7db9c3da156,False,14:00:00,08:15:00
ceecdd19-18fd-a6ed-ddd0-30f2a6af6b5b,False,09:15:00,22:15:00
a2bace58-b2d3-7df7-b5d0-f471508a6819,False,14:30:00,08:45:00
ca5faf79-28d7-e07e-1c86-18ab55da408e,False,08:00:00,02:00:00
9705b57a-ff74-2e7e-9f3a-a3a3e1153153,False,07:45:00,06:15:00
95aecf4b-1374-11de-8c71-81a59f4714a1,False,10:15:00,22:00:00
1d07f991-8621-bbc8-d597-39c6b125f662,False,10:00:00,22:00:00
1692d346-175f-4b14-bcd4-1c3489a07e7b,False,12:45:00,05:15:00
134dc431-af8c-a01d-d405-64789be97420,False,10:15:00,23:45:00
180634b9-3164-f1ec-b7ad-d76fede43f31,False,19:45:00,12:30:00
7dbed726-1d39-44ff-ac26-02374efd3b99,False,09:30:00,20:30:00
20c85176-6a40-9063-6043-d0831f657bd0,False,08:00:00,03:00:00
3f461171-89c5-fd7f-8e4a-1483094e74c2,False,10:15:00,02:00:00
d4657704-6015-5cc2-1293-c4f85d4ef86e,False,11:45:00,03:30:00
4721a1d8-197d-36f8-0a79-a2f3819ead5d,False,11:15:00,03:30:00
61ecf3c1-f9ec-2cf1-3de7-bbe7fc425bd8,False,14:00:00,00:00:00
feda0965-ac85-b46a-77fe-dc2ad48772fe,False,16:15:00,17:15:00
08ff275a-aaf6-bda6-7df1-2730c9ab29b7,False,11:15:00,00:45:00
3747c7dc-e13d-8cc1-a12b-8af1ad992d6e,False,10:00:00,04:00:00
5cca460f-ace3-6061-82c9-a548171ce604,False,09:00:00,06:00:00
f81d7812-364c-67ba-2379-bd4b8a6a87ba,False,09:00:00,02:00:00
22f70f53-453d-9f22-24ca-b62a313ca6aa,False,11:00:00,03:00:00
8d7108e3-ac36-ba4a-ad12-34b6ebe6664c,False,10:00:00,20:00:00
e55609cd-8ca1-b9ce-58b2-d368dcab8497,False,14:00:00,07:00:00
c478ba56-575c-c594-b016-7d3061bd9b3b,False,10:00:00,02:00:00
cb1b1692-26f3-ec9b-9551-d949d309fa4c,False,11:15:00,05:45:00
d787f244-dfa2-59b2-d1e2-c5156e632285,False,10:00:00,02:00:00
7ed3c3e8-9783-acf8-e06d-be5a2366b500,False,09:00:00,03:00:00
d66979ba-4d38-6ebc-865b-e9e28936f289,False,10:00:00,02:00:00
198ef94a-1013-8d08-d097-731c6d60b634,False,10:00:00,02:00:00
c45693f3-d18d-5c96-246d-a669bb60f3f0,False,13:00:00,09:00:00
914a4622-8135-e1af-b78d-27324b8a2283,False,12:00:00,02:00:00
50877f54-bd2c-9048-b1bc-8fdc3a00d21e,False,10:00:00,20:30:00
110f08a4-548f-da24-8fd7-c6883eac9850,False,11:00:00,20:00:00
42767edd-b3e3-7376-0de3-78305466aa67,False,07:00:00,03:00:00
c966b497-d639-dadc-60b5-248687103a2d,False,09:00:00,02:00:00
14c78171-fcca-bf8a-9d0b-2a75bce2b5e9,False,13:00:00,04:00:00
32783053-66b1-44e3-c3a9-0010749b35c9,False,10:00:00,01:30:00
994cc087-b7a6-95cb-30f2-dfeab0d54625,False,10:15:00,01:15:00
d0ccf0f8-69c7-66ad-1921-c922871b82f1,False,02:30:00,13:45:00
815bf190-4a28-b933-bac1-42f175e34117,False,09:00:00,03:00:00
f4f3d175-b8b7-3445-1b67-676bf56c5679,False,14:45:00,08:30:00
8dd2fc1b-0874-7462-b589-7ad334248d13,False,10:00:00,03:00:00
b39a02a0-5140-464d-ee95-e45023c05d8d,False,10:00:00,02:00:00
871fe49b-fe9e-b4f9-dbef-5054703fcd68,False,09:00:00,23:30:00
46ad5df5-ae69-be7e-cc46-9c02132e204a,False,09:30:00,20:30:00
a83e1a23-bef7-4772-76ff-b72a3e64726c,False,10:45:00,20:30:00
c0727430-6446-4ab2-9719-21fad5f6aaf3,False,12:15:00,08:00:00
5aed4954-460d-a724-04bc-522537a29698,False,14:00:00,08:00:00
7d167b7b-2871-1c6d-a474-8accad23bb94,False,07:30:00,00:00:00
318467ad-e593-a20a-fe23-daf9998cc991,False,09:00:00,02:00:00
ac00b847-21c9-f9d2-2c28-9e28b8a33bf5,False,14:00:00,08:30:00
5961e490-81ba-c338-86cd-ad5c7919ee60,False,09:45:00,02:30:00
281e2b26-89bc-2a2c-f5b7-322f942d139d,False,11:00:00,21:30:00
0bebeb97-fddb-c886-3899-5d221e89b86a,False,11:00:00,03:45:00
6ba0dc29-c307-1388-1637-85349f4e0309,True,,
34816db2-ed2c-16d6-8416-b3849f02e9eb,False,10:15:00,02:00:00
12e61d30-25f9-16f9-7cfc-c9221a766def,False,07:45:00,07:00:00
97637050-75e4-51c5-bace-70b9b45dff87,False,10:00:00,03:00:00
5ef5bf80-7c47-1b7a-78d8-6d8a195577f6,False,10:00:00,03:00:00
c24f74e9-aa99-2b51-7679-dd1b0ef5adc9,False,19:00:00,01:30:00
989da191-fdc5-2eee-2cc9-ad35a0bbb863,False,09:30:00,20:45:00
39138f01-5443-f532-6462-736c6dcc10e8,False,08:00:00,02:00:00
67558069-06d2-2b8a-e0a8-18cc5444c287,False,09:00:00,23:00:00
6f493bda-5d1e-6dac-2438-2f79d51b7c6e,False,14:30:00,06:00:00
f1fc624e-00ad-2e4a-4e6b-0a3391a90fdf,False,09:30:00,21:00:00
21e4f4d5-363b-14bd-a730-9d435d74d606,False,19:00:00,17:00:00
bb055294-2785-65c5-d0c3-682d88f20e03,False,07:00:00,03:00:00
ebe99dd0-da49-66b2-cd2e-e79dab5e45c5,False,14:45:00,06:15:00
71cd23cb-cf0c-1c17-8bee-3d5e0eaf60f2,False,04:45:00,02:15:00
253a7559-7ebb-1c96-609a-df5c5798aabc,False,15:00:00,05:45:00
fa918bd3-d0f3-0e2d-08c6-875ade30fe3e,False,08:00:00,02:00:00
8947e567-4ae2-7228-69a4-2a7b8b90e679,False,14:30:00,07:30:00
c29992c8-c929-3c9d-cbae-c8073f4bcc46,False,09:45:00,03:15:00
2ae3a189-e627-5fe7-d0ac-dcbbfbab0b43,False,04:00:00,21:00:00
502d63b2-591b-5f66-2b4f-1bae154e1f4b,False,12:00:00,03:00:00
872ba917-1c97-07f5-b619-742a535d3f45,False,02:15:00,14:30:00
10f6790a-b3a4-180e-dd3f-2b3e73d5e622,False,23:45:00,14:15:00
f58c29d4-da39-b21a-6280-579f4b04af08,False,10:00:00,01:15:00
836c724d-6737-b791-d7f2-f351ca3384dc,False,09:00:00,03:00:00
b056a935-10bd-e966-af9d-ec740b88aea9,False,11:00:00,20:00:00
5262ce23-8185-85d4-08d2-0a7fe031f563,False,10:00:00,03:00:00
3f4c503c-b16f-6ed9-160f-acd9411489f6,False,10:00:00,03:00:00
ed4fb335-0c11-b221-7406-1135ae781438,False,11:45:00,03:30:00
0e2a25a4-9b96-ac1c-d17d-a4228c6682fb,False,08:00:00,08:15:00
549c315b-6263-d161-8762-d46d1ed5ca34,False,10:00:00,04:00:00
fb4fbc9d-bef2-9755-cf57-e481f4cbc83c,False,14:00:00,14:15:00
7fca1784-4d99-673e-8ddd-88952202ac35,False,10:00:00,03:00:00
20091471-e961-3d8d-0cf7-b686dff662d4,False,09:00:00,03:00:00
a03f0e3d-e65c-be54-d81f-8d29058cada5,False,10:00:00,02:30:00
cc7bb9d3-3ef7-979e-1603-70fa8dbcb70e,False,08:00:00,03:00:00
42c0c45f-f378-fb9d-6efe-175c1b784a3a,False,10:00:00,22:00:00
00374f87-909c-6ef8-847f-a7b4694ad804,False,08:45:00,02:00:00
72429eca-0240-b236-1d1a-7f629bc2a9d9,False,11:00:00,02:00:00
9bb9a945-20d9-1b7e-0855-6bccef786e2b,False,11:30:00,22:15:00
7964ab2d-7bfa-cae3-26af-1201e192a1d0,False,11:15:00,03:00:00
a44429a8-e76c-8e7e-ec61-66872241de67,False,12:30:00,09:15:00
eadfee31-e99a-f2af-0975-37d3e9b39af3,False,00:15:00,14:45:00
dd0ec801-5e9b-837c-4289-ed168ca81a4f,False,07:30:00,06:45:00
478fe98a-0473-bebd-03cd-0d7ae3af595e,False,13:00:00,06:00:00
eee5ec4a-dfca-a932-e1a3-0b02a323f4b5,False,12:30:00,06:30:00
02f4e241-53ef-7fb8-ff1d-ba17643d7645,False,08:00:00,02:00:00
853e8d46-b872-348a-7bd8-70f5165b3afa,False,08:00:00,06:00:00
e5d06e7f-d057-24d9-b417-118c206cbd7e,False,10:00:00,02:15:00
df5a0814-bc32-8b30-3014-468f18c3529e,False,08:00:00,03:00:00
6d170a51-75d7-e03a-6464-cf3784b0e5b9,False,13:00:00,07:15:00
c8457bd6-c454-d94d-393e-4561f0599a06,False,09:00:00,23:00:00
e3837638-f454-5de6-0a0f-51d5ccc43f65,False,14:00:00,18:15:00
55245d41-a763-7bbd-22d9-7eae53359846,False,14:00:00,08:45:00
31aaa2cb-057c-d0a8-6788-bb6ecb3ada56,False,13:00:00,05:15:00
3521b8a1-da99-25d8-a6eb-afc16bf58e5c,False,07:30:00,20:15:00
871f9fba-e8c7-cdcd-1ac4-863509f1be51,False,08:45:00,03:00:00
3ec5215e-d1ec-ec60-ddd0-905fbbf03bb9,False,09:15:00,06:30:00
27dd4c7b-5795-4fb9-4d4c-a522697c75a3,False,14:15:00,07:15:00
11ed171c-0221-da46-0fe7-67ef91fe520b,False,11:00:00,03:00:00
9e5958d7-e707-bb5f-826a-2ee8c17bf297,False,10:00:00,02:15:00
08737ad9-2384-03d2-6557-83958fc5d881,False,10:15:00,02:00:00
3397f38f-2dfc-97a0-eba9-770dd94c89b2,False,10:45:00,01:15:00
de2c074a-fb17-463d-8aa0-174087899129,False,12:30:00,21:45:00
16dadab9-bfbb-e945-67ce-6356777c0d48,False,14:45:00,06:15:00
de6f7118-06d2-45e8-1a7a-b30e07e233f7,False,10:00:00,03:00:00
15739bd4-b7b4-6d3c-f948-859c6dc09bdc,False,13:45:00,07:15:00
cd9f2c33-740b-4702-9b74-5c8acb54f9af,False,11:45:00,03:30:00
9a6fb8f6-21fc-e8a0-aa74-52ca121a14a3,False,05:15:00,04:00:00
69027f73-bb42-a1d3-c29a-2f4c2fabd2f6,False,01:00:00,03:00:00
1a70c79d-b5fd-0724-0442-327519687fe6,False,16:45:00,04:00:00
66e9c85d-6b5f-d012-4b56-f69218073f86,False,10:00:00,04:15:00
25b9093b-4a6a-8c35-1545-e25cee8b7f3a,False,15:30:00,05:15:00
aa836c84-561a-8a2a-aa0f-708f7b40ea21,False,04:00:00,02:00:00
13845a3d-66cd-aa26-c6e2-b47183f3333b,False,07:45:00,08:00:00
39b6927a-be1b-dace-b129-5c7dc7fccb9b,False,12:00:00,00:45:00
2acbd281-726f-e240-ebae-080d2a672929,False,10:30:00,04:15:00
0ccddb37-1953-7ef2-5020-85f57887fee4,False,11:45:00,03:30:00
30c1077f-52be-0374-cbd6-3cb5974a0bfd,False,04:00:00,22:00:00
383e571b-d2eb-4fc0-45d8-e9dea63dec87,False,10:00:00,03:00:00
eded4a47-663d-25e0-42a9-1c8d6e2faa41,False,09:45:00,10:00:00
77d8e15e-f938-9abc-285a-0fa8eab46953,False,13:30:00,08:00:00
d243bd72-6f64-b597-3db6-72159081dcf4,False,15:00:00,03:45:00
275e824c-e88d-8389-18a9-21e2d0e0d0f6,False,09:15:00,22:30:00
62956e4f-600f-ebbe-c147-be502c139aea,False,09:30:00,21:00:00
aa951f4e-7e5c-f541-9424-702ae8f31e32,False,10:00:00,03:00:00
6f0a4626-425b-fa1e-60e4-ff61ac464eec,False,21:15:00,12:30:00
f7cb6999-e8e4-8dc2-a609-4b1b5c0ca9c9,False,10:30:00,21:00:00
77263deb-497e-eb40-93d8-08e12404ae0f,False,12:45:00,06:15:00
470f0ef8-244f-e174-0201-3d9c0783d463,False,09:45:00,16:15:00
204160be-4479-553f-01c9-a7ac934dde3e,False,08:30:00,06:00:00
73fcb689-2e04-1eb9-c81d-0716fd27bfea,False,09:00:00,20:00:00
02fb6917-572b-6e82-8f53-2dd1fb188a3c,False,10:00:00,02:00:00
79ae3c7c-f1a1-90e7-c526-057e26a34eca,False,08:00:00,02:00:00
c7104b57-7c8a-e5b5-cf60-f8ccbc15a7f2,False,12:00:00,07:00:00
d7a24f2e-cd47-d543-657c-fce56ef00c31,False,10:45:00,03:00:00
692d66d9-f8e7-5a6e-af7e-7983d9a6d0e1,False,13:00:00,07:45:00
83a41458-cc63-6fcf-aeb8-83e13b526353,False,10:30:00,07:45:00
13479e32-59f4-97af-2eca-cd296832c088,False,16:00:00,12:30:00
abf118f6-6c89-5fea-b826-3fe2958cd696,False,10:30:00,20:30:00
8fcfa75c-e407-187d-c37c-784cac8e6c7b,False,09:15:00,03:00:00
998de051-d72a-2d40-1f2f-196f036ec8bf,False,05:00:00,04:00:00
a810f563-73b5-e8e0-9a71-de09c82c6079,False,12:45:00,03:00:00
cb846659-8aa0-3233-6b11-6745474c94c3,False,09:15:00,03:30:00
eb12b7cb-d680-8321-33a9-806aaef20fd5,False,13:15:00,05:15:00
6583ed22-8aa7-bfa3-b07d-ee47898e9a60,False,10:45:00,21:45:00
cd72b978-a4fa-c81e-6e90-14892bde8473,False,10:45:00,03:00:00
c9564661-aa09-5ae1-1b4f-eaac485a824e,False,10:00:00,05:00:00
7f275fd8-3ac0-e8ed-ec70-7fda16deb374,False,07:15:00,06:30:00
15790985-7b3c-8665-72be-4a829cd30c03,True,,
549eebeb-2468-755b-3110-c3080e17eabd,False,09:45:00,21:30:00
42c0a431-7e11-212b-ce75-b13e7ea4338c,False,10:15:00,06:15:00
d8db3e51-15b2-6789-eccc-0d0573239b2f,False,11:00:00,02:45:00
49d4b6e2-1c91-8aea-8f1d-49367fb47ada,False,14:00:00,00:15:00
a4182267-11d3-0c70-03b2-8df1412e250c,False,13:45:00,10:15:00
3fdda635-72a0-16c5-900b-91e0d8cc02e0,False,09:00:00,02:00:00
92b339d1-29c0-d718-8f9e-f38fddb9ed36,False,13:00:00,06:15:00
c473d463-8c9c-afc1-a507-f3e38d9d6320,False,13:00:00,04:15:00
b6fd0560-0ae2-f650-2d0c-0d92e988af6e,False,10:45:00,21:30:00
65a25cea-b6e7-95c5-d9e2-0bd9041ae4b5,False,20:00:00,15:30:00
b7386659-1010-f92c-4f4f-31b5b1f907c5,False,09:00:00,02:00:00
e746baf2-13cc-6400-05b7-ab05d8937b9a,False,14:00:00,06:30:00
debc4593-d7e7-c1ae-f268-f6944c531e3f,False,10:15:00,01:00:00
8a2629e5-183b-05c3-7544-5ac89ee3c347,False,10:00:00,14:30:00
811effd3-85a7-f36f-5eeb-cb38de38d5ac,False,11:45:00,02:15:00
a85566bd-7cea-eb51-6aa5-912ee6bdd7d7,False,10:00:00,02:15:00
b9564e11-9942-536d-c540-6a9173e63456,False,10:00:00,03:00:00
